m_2x2_systolic_mac.data_flow_right\[0\]\[0\]_sg13g2_dfrbpq_1_Q,m_2x2_systolic_mac.data_flow_right\[0\]\[0\], main_clock
m_2x2_systolic_mac.data_flow_right\[0\]\[10\]_sg13g2_dfrbpq_1_Q,m_2x2_systolic_mac.data_flow_right\[0\]\[10\], main_clock
m_2x2_systolic_mac.data_flow_right\[0\]\[11\]_sg13g2_dfrbpq_1_Q,m_2x2_systolic_mac.data_flow_right\[0\]\[11\], main_clock
m_2x2_systolic_mac.data_flow_right\[0\]\[12\]_sg13g2_dfrbpq_1_Q,m_2x2_systolic_mac.data_flow_right\[0\]\[12\], main_clock
m_2x2_systolic_mac.data_flow_right\[0\]\[13\]_sg13g2_dfrbpq_1_Q,m_2x2_systolic_mac.data_flow_right\[0\]\[13\], main_clock
m_2x2_systolic_mac.data_flow_right\[0\]\[14\]_sg13g2_dfrbpq_1_Q,m_2x2_systolic_mac.data_flow_right\[0\]\[14\], main_clock
m_2x2_systolic_mac.data_flow_right\[0\]\[15\]_sg13g2_dfrbpq_1_Q,m_2x2_systolic_mac.data_flow_right\[0\]\[15\], main_clock
m_2x2_systolic_mac.data_flow_right\[0\]\[1\]_sg13g2_dfrbpq_1_Q,m_2x2_systolic_mac.data_flow_right\[0\]\[1\], main_clock
m_2x2_systolic_mac.data_flow_right\[0\]\[2\]_sg13g2_dfrbpq_1_Q,m_2x2_systolic_mac.data_flow_right\[0\]\[2\], main_clock
m_2x2_systolic_mac.data_flow_right\[0\]\[3\]_sg13g2_dfrbpq_1_Q,m_2x2_systolic_mac.data_flow_right\[0\]\[3\], main_clock
m_2x2_systolic_mac.data_flow_right\[0\]\[4\]_sg13g2_dfrbpq_1_Q,m_2x2_systolic_mac.data_flow_right\[0\]\[4\], main_clock
m_2x2_systolic_mac.data_flow_right\[0\]\[5\]_sg13g2_dfrbpq_1_Q,m_2x2_systolic_mac.data_flow_right\[0\]\[5\], main_clock
m_2x2_systolic_mac.data_flow_right\[0\]\[6\]_sg13g2_dfrbpq_1_Q,m_2x2_systolic_mac.data_flow_right\[0\]\[6\], main_clock
m_2x2_systolic_mac.data_flow_right\[0\]\[7\]_sg13g2_dfrbpq_1_Q,m_2x2_systolic_mac.data_flow_right\[0\]\[7\], main_clock
m_2x2_systolic_mac.data_flow_right\[0\]\[8\]_sg13g2_dfrbpq_1_Q,m_2x2_systolic_mac.data_flow_right\[0\]\[8\], main_clock
m_2x2_systolic_mac.data_flow_right\[0\]\[9\]_sg13g2_dfrbpq_1_Q,m_2x2_systolic_mac.data_flow_right\[0\]\[9\], main_clock
m_2x2_systolic_mac.data_flow_right\[1\]\[0\]_sg13g2_dfrbpq_1_Q,m_2x2_systolic_mac.data_flow_right\[1\]\[0\], main_clock
m_2x2_systolic_mac.data_flow_right\[1\]\[10\]_sg13g2_dfrbpq_1_Q,m_2x2_systolic_mac.data_flow_right\[1\]\[10\], main_clock
m_2x2_systolic_mac.data_flow_right\[1\]\[11\]_sg13g2_dfrbpq_1_Q,m_2x2_systolic_mac.data_flow_right\[1\]\[11\], main_clock
m_2x2_systolic_mac.data_flow_right\[1\]\[12\]_sg13g2_dfrbpq_1_Q,m_2x2_systolic_mac.data_flow_right\[1\]\[12\], main_clock
m_2x2_systolic_mac.data_flow_right\[1\]\[13\]_sg13g2_dfrbpq_1_Q,m_2x2_systolic_mac.data_flow_right\[1\]\[13\], main_clock
m_2x2_systolic_mac.data_flow_right\[1\]\[14\]_sg13g2_dfrbpq_1_Q,m_2x2_systolic_mac.data_flow_right\[1\]\[14\], main_clock
m_2x2_systolic_mac.data_flow_right\[1\]\[15\]_sg13g2_dfrbpq_1_Q,m_2x2_systolic_mac.data_flow_right\[1\]\[15\], main_clock
m_2x2_systolic_mac.data_flow_right\[1\]\[1\]_sg13g2_dfrbpq_1_Q,m_2x2_systolic_mac.data_flow_right\[1\]\[1\], main_clock
m_2x2_systolic_mac.data_flow_right\[1\]\[2\]_sg13g2_dfrbpq_1_Q,m_2x2_systolic_mac.data_flow_right\[1\]\[2\], main_clock
m_2x2_systolic_mac.data_flow_right\[1\]\[3\]_sg13g2_dfrbpq_1_Q,m_2x2_systolic_mac.data_flow_right\[1\]\[3\], main_clock
m_2x2_systolic_mac.data_flow_right\[1\]\[4\]_sg13g2_dfrbpq_1_Q,m_2x2_systolic_mac.data_flow_right\[1\]\[4\], main_clock
m_2x2_systolic_mac.data_flow_right\[1\]\[5\]_sg13g2_dfrbpq_1_Q,m_2x2_systolic_mac.data_flow_right\[1\]\[5\], main_clock
m_2x2_systolic_mac.data_flow_right\[1\]\[6\]_sg13g2_dfrbpq_1_Q,m_2x2_systolic_mac.data_flow_right\[1\]\[6\], main_clock
m_2x2_systolic_mac.data_flow_right\[1\]\[7\]_sg13g2_dfrbpq_1_Q,m_2x2_systolic_mac.data_flow_right\[1\]\[7\], main_clock
m_2x2_systolic_mac.data_flow_right\[1\]\[8\]_sg13g2_dfrbpq_1_Q,m_2x2_systolic_mac.data_flow_right\[1\]\[8\], main_clock
m_2x2_systolic_mac.data_flow_right\[1\]\[9\]_sg13g2_dfrbpq_1_Q,m_2x2_systolic_mac.data_flow_right\[1\]\[9\], main_clock
m_2x2_systolic_mac.data_flow_right\[2\]\[0\]_sg13g2_dfrbpq_1_Q,m_2x2_systolic_mac.data_flow_right\[2\]\[0\], main_clock
m_2x2_systolic_mac.data_flow_right\[2\]\[10\]_sg13g2_dfrbpq_1_Q,m_2x2_systolic_mac.data_flow_right\[2\]\[10\], main_clock
m_2x2_systolic_mac.data_flow_right\[2\]\[11\]_sg13g2_dfrbpq_1_Q,m_2x2_systolic_mac.data_flow_right\[2\]\[11\], main_clock
m_2x2_systolic_mac.data_flow_right\[2\]\[12\]_sg13g2_dfrbpq_1_Q,m_2x2_systolic_mac.data_flow_right\[2\]\[12\], main_clock
m_2x2_systolic_mac.data_flow_right\[2\]\[13\]_sg13g2_dfrbpq_1_Q,m_2x2_systolic_mac.data_flow_right\[2\]\[13\], main_clock
m_2x2_systolic_mac.data_flow_right\[2\]\[14\]_sg13g2_dfrbpq_1_Q,m_2x2_systolic_mac.data_flow_right\[2\]\[14\], main_clock
m_2x2_systolic_mac.data_flow_right\[2\]\[15\]_sg13g2_dfrbpq_1_Q,m_2x2_systolic_mac.data_flow_right\[2\]\[15\], main_clock
m_2x2_systolic_mac.data_flow_right\[2\]\[1\]_sg13g2_dfrbpq_1_Q,m_2x2_systolic_mac.data_flow_right\[2\]\[1\], main_clock
m_2x2_systolic_mac.data_flow_right\[2\]\[2\]_sg13g2_dfrbpq_1_Q,m_2x2_systolic_mac.data_flow_right\[2\]\[2\], main_clock
m_2x2_systolic_mac.data_flow_right\[2\]\[3\]_sg13g2_dfrbpq_1_Q,m_2x2_systolic_mac.data_flow_right\[2\]\[3\], main_clock
m_2x2_systolic_mac.data_flow_right\[2\]\[4\]_sg13g2_dfrbpq_1_Q,m_2x2_systolic_mac.data_flow_right\[2\]\[4\], main_clock
m_2x2_systolic_mac.data_flow_right\[2\]\[5\]_sg13g2_dfrbpq_1_Q,m_2x2_systolic_mac.data_flow_right\[2\]\[5\], main_clock
m_2x2_systolic_mac.data_flow_right\[2\]\[6\]_sg13g2_dfrbpq_1_Q,m_2x2_systolic_mac.data_flow_right\[2\]\[6\], main_clock
m_2x2_systolic_mac.data_flow_right\[2\]\[7\]_sg13g2_dfrbpq_1_Q,m_2x2_systolic_mac.data_flow_right\[2\]\[7\], main_clock
m_2x2_systolic_mac.data_flow_right\[2\]\[8\]_sg13g2_dfrbpq_1_Q,m_2x2_systolic_mac.data_flow_right\[2\]\[8\], main_clock
m_2x2_systolic_mac.data_flow_right\[2\]\[9\]_sg13g2_dfrbpq_1_Q,m_2x2_systolic_mac.data_flow_right\[2\]\[9\], main_clock
m_2x2_systolic_mac.data_flow_right\[3\]\[0\]_sg13g2_dfrbpq_1_Q,m_2x2_systolic_mac.data_flow_right\[3\]\[0\], main_clock
m_2x2_systolic_mac.data_flow_right\[3\]\[10\]_sg13g2_dfrbpq_1_Q,m_2x2_systolic_mac.data_flow_right\[3\]\[10\], main_clock
m_2x2_systolic_mac.data_flow_right\[3\]\[11\]_sg13g2_dfrbpq_1_Q,m_2x2_systolic_mac.data_flow_right\[3\]\[11\], main_clock
m_2x2_systolic_mac.data_flow_right\[3\]\[12\]_sg13g2_dfrbpq_1_Q,m_2x2_systolic_mac.data_flow_right\[3\]\[12\], main_clock
m_2x2_systolic_mac.data_flow_right\[3\]\[13\]_sg13g2_dfrbpq_1_Q,m_2x2_systolic_mac.data_flow_right\[3\]\[13\], main_clock
m_2x2_systolic_mac.data_flow_right\[3\]\[14\]_sg13g2_dfrbpq_1_Q,m_2x2_systolic_mac.data_flow_right\[3\]\[14\], main_clock
m_2x2_systolic_mac.data_flow_right\[3\]\[15\]_sg13g2_dfrbpq_1_Q,m_2x2_systolic_mac.data_flow_right\[3\]\[15\], main_clock
m_2x2_systolic_mac.data_flow_right\[3\]\[1\]_sg13g2_dfrbpq_1_Q,m_2x2_systolic_mac.data_flow_right\[3\]\[1\], main_clock
m_2x2_systolic_mac.data_flow_right\[3\]\[2\]_sg13g2_dfrbpq_1_Q,m_2x2_systolic_mac.data_flow_right\[3\]\[2\], main_clock
m_2x2_systolic_mac.data_flow_right\[3\]\[3\]_sg13g2_dfrbpq_1_Q,m_2x2_systolic_mac.data_flow_right\[3\]\[3\], main_clock
m_2x2_systolic_mac.data_flow_right\[3\]\[4\]_sg13g2_dfrbpq_1_Q,m_2x2_systolic_mac.data_flow_right\[3\]\[4\], main_clock
m_2x2_systolic_mac.data_flow_right\[3\]\[5\]_sg13g2_dfrbpq_1_Q,m_2x2_systolic_mac.data_flow_right\[3\]\[5\], main_clock
m_2x2_systolic_mac.data_flow_right\[3\]\[6\]_sg13g2_dfrbpq_1_Q,m_2x2_systolic_mac.data_flow_right\[3\]\[6\], main_clock
m_2x2_systolic_mac.data_flow_right\[3\]\[7\]_sg13g2_dfrbpq_1_Q,m_2x2_systolic_mac.data_flow_right\[3\]\[7\], main_clock
m_2x2_systolic_mac.data_flow_right\[3\]\[8\]_sg13g2_dfrbpq_1_Q,m_2x2_systolic_mac.data_flow_right\[3\]\[8\], main_clock
m_2x2_systolic_mac.data_flow_right\[3\]\[9\]_sg13g2_dfrbpq_1_Q,m_2x2_systolic_mac.data_flow_right\[3\]\[9\], main_clock
m_2x2_systolic_mac.data_input_q\[0\]_sg13g2_dfrbpq_1_Q,m_2x2_systolic_mac.data_input_q\[0\], main_clock
m_2x2_systolic_mac.data_input_q\[10\]_sg13g2_dfrbpq_1_Q,m_2x2_systolic_mac.data_input_q\[10\], main_clock
m_2x2_systolic_mac.data_input_q\[11\]_sg13g2_dfrbpq_1_Q,m_2x2_systolic_mac.data_input_q\[11\], main_clock
m_2x2_systolic_mac.data_input_q\[12\]_sg13g2_dfrbpq_1_Q,m_2x2_systolic_mac.data_input_q\[12\], main_clock
m_2x2_systolic_mac.data_input_q\[13\]_sg13g2_dfrbpq_1_Q,m_2x2_systolic_mac.data_input_q\[13\], main_clock
m_2x2_systolic_mac.data_input_q\[14\]_sg13g2_dfrbpq_1_Q,m_2x2_systolic_mac.data_input_q\[14\], main_clock
m_2x2_systolic_mac.data_input_q\[15\]_sg13g2_dfrbpq_1_Q,m_2x2_systolic_mac.data_input_q\[15\], main_clock
m_2x2_systolic_mac.data_input_q\[16\]_sg13g2_dfrbpq_1_Q,m_2x2_systolic_mac.data_input_q\[16\], main_clock
m_2x2_systolic_mac.data_input_q\[17\]_sg13g2_dfrbpq_1_Q,m_2x2_systolic_mac.data_input_q\[17\], main_clock
m_2x2_systolic_mac.data_input_q\[18\]_sg13g2_dfrbpq_1_Q,m_2x2_systolic_mac.data_input_q\[18\], main_clock
m_2x2_systolic_mac.data_input_q\[19\]_sg13g2_dfrbpq_1_Q,m_2x2_systolic_mac.data_input_q\[19\], main_clock
m_2x2_systolic_mac.data_input_q\[1\]_sg13g2_dfrbpq_1_Q,m_2x2_systolic_mac.data_input_q\[1\], main_clock
m_2x2_systolic_mac.data_input_q\[20\]_sg13g2_dfrbpq_1_Q,m_2x2_systolic_mac.data_input_q\[20\], main_clock
m_2x2_systolic_mac.data_input_q\[21\]_sg13g2_dfrbpq_1_Q,m_2x2_systolic_mac.data_input_q\[21\], main_clock
m_2x2_systolic_mac.data_input_q\[22\]_sg13g2_dfrbpq_1_Q,m_2x2_systolic_mac.data_input_q\[22\], main_clock
m_2x2_systolic_mac.data_input_q\[23\]_sg13g2_dfrbpq_1_Q,m_2x2_systolic_mac.data_input_q\[23\], main_clock
m_2x2_systolic_mac.data_input_q\[24\]_sg13g2_dfrbpq_1_Q,m_2x2_systolic_mac.data_input_q\[24\], main_clock
m_2x2_systolic_mac.data_input_q\[25\]_sg13g2_dfrbpq_1_Q,m_2x2_systolic_mac.data_input_q\[25\], main_clock
m_2x2_systolic_mac.data_input_q\[26\]_sg13g2_dfrbpq_1_Q,m_2x2_systolic_mac.data_input_q\[26\], main_clock
m_2x2_systolic_mac.data_input_q\[27\]_sg13g2_dfrbpq_1_Q,m_2x2_systolic_mac.data_input_q\[27\], main_clock
m_2x2_systolic_mac.data_input_q\[28\]_sg13g2_dfrbpq_1_Q,m_2x2_systolic_mac.data_input_q\[28\], main_clock
m_2x2_systolic_mac.data_input_q\[29\]_sg13g2_dfrbpq_1_Q,m_2x2_systolic_mac.data_input_q\[29\], main_clock
m_2x2_systolic_mac.data_input_q\[2\]_sg13g2_dfrbpq_1_Q,m_2x2_systolic_mac.data_input_q\[2\], main_clock
m_2x2_systolic_mac.data_input_q\[30\]_sg13g2_dfrbpq_1_Q,m_2x2_systolic_mac.data_input_q\[30\], main_clock
m_2x2_systolic_mac.data_input_q\[31\]_sg13g2_dfrbpq_1_Q,m_2x2_systolic_mac.data_input_q\[31\], main_clock
m_2x2_systolic_mac.data_input_q\[3\]_sg13g2_dfrbpq_1_Q,m_2x2_systolic_mac.data_input_q\[3\], main_clock
m_2x2_systolic_mac.data_input_q\[4\]_sg13g2_dfrbpq_1_Q,m_2x2_systolic_mac.data_input_q\[4\], main_clock
m_2x2_systolic_mac.data_input_q\[5\]_sg13g2_dfrbpq_1_Q,m_2x2_systolic_mac.data_input_q\[5\], main_clock
m_2x2_systolic_mac.data_input_q\[6\]_sg13g2_dfrbpq_1_Q,m_2x2_systolic_mac.data_input_q\[6\], main_clock
m_2x2_systolic_mac.data_input_q\[7\]_sg13g2_dfrbpq_1_Q,m_2x2_systolic_mac.data_input_q\[7\], main_clock
m_2x2_systolic_mac.data_input_q\[8\]_sg13g2_dfrbpq_1_Q,m_2x2_systolic_mac.data_input_q\[8\], main_clock
m_2x2_systolic_mac.data_input_q\[9\]_sg13g2_dfrbpq_1_Q,m_2x2_systolic_mac.data_input_q\[9\], main_clock
m_2x2_systolic_mac.g_unit_x\[0\].g_unit_y\[0\].m_unit.m_mul.ea_i\[0\]_sg13g2_dfrbpq_1_Q,m_2x2_systolic_mac.g_unit_x\[0\].g_unit_y\[0\].m_unit.m_mul.ea_i\[0\], main_clock
m_2x2_systolic_mac.g_unit_x\[0\].g_unit_y\[0\].m_unit.m_mul.ea_i\[1\]_sg13g2_dfrbpq_1_Q,m_2x2_systolic_mac.g_unit_x\[0\].g_unit_y\[0\].m_unit.m_mul.ea_i\[1\], main_clock
m_2x2_systolic_mac.g_unit_x\[0\].g_unit_y\[0\].m_unit.m_mul.ea_i\[2\]_sg13g2_dfrbpq_1_Q,m_2x2_systolic_mac.g_unit_x\[0\].g_unit_y\[0\].m_unit.m_mul.ea_i\[2\], main_clock
m_2x2_systolic_mac.g_unit_x\[0\].g_unit_y\[0\].m_unit.m_mul.ea_i\[3\]_sg13g2_dfrbpq_1_Q,m_2x2_systolic_mac.g_unit_x\[0\].g_unit_y\[0\].m_unit.m_mul.ea_i\[3\], main_clock
m_2x2_systolic_mac.g_unit_x\[0\].g_unit_y\[0\].m_unit.m_mul.ea_i\[4\]_sg13g2_dfrbpq_1_Q,m_2x2_systolic_mac.g_unit_x\[0\].g_unit_y\[0\].m_unit.m_mul.ea_i\[4\], main_clock
m_2x2_systolic_mac.g_unit_x\[0\].g_unit_y\[0\].m_unit.m_mul.ea_i\[5\]_sg13g2_dfrbpq_1_Q,m_2x2_systolic_mac.g_unit_x\[0\].g_unit_y\[0\].m_unit.m_mul.ea_i\[5\], main_clock
m_2x2_systolic_mac.g_unit_x\[0\].g_unit_y\[0\].m_unit.m_mul.ea_i\[6\]_sg13g2_dfrbpq_1_Q,m_2x2_systolic_mac.g_unit_x\[0\].g_unit_y\[0\].m_unit.m_mul.ea_i\[6\], main_clock
m_2x2_systolic_mac.g_unit_x\[0\].g_unit_y\[0\].m_unit.m_mul.ea_i\[7\]_sg13g2_dfrbpq_1_Q,m_2x2_systolic_mac.g_unit_x\[0\].g_unit_y\[0\].m_unit.m_mul.ea_i\[7\], main_clock
m_2x2_systolic_mac.g_unit_x\[0\].g_unit_y\[0\].m_unit.m_mul.m_booth_radix4_unsugned_mul.x_i\[0\]_sg13g2_dfrbpq_1_Q,m_2x2_systolic_mac.g_unit_x\[0\].g_unit_y\[0\].m_unit.m_mul.m_booth_radix4_unsugned_mul.x_i\[0\], main_clock
m_2x2_systolic_mac.g_unit_x\[0\].g_unit_y\[0\].m_unit.m_mul.m_booth_radix4_unsugned_mul.x_i\[1\]_sg13g2_dfrbpq_1_Q,m_2x2_systolic_mac.g_unit_x\[0\].g_unit_y\[0\].m_unit.m_mul.m_booth_radix4_unsugned_mul.x_i\[1\], main_clock
m_2x2_systolic_mac.g_unit_x\[0\].g_unit_y\[0\].m_unit.m_mul.m_booth_radix4_unsugned_mul.x_i\[2\]_sg13g2_dfrbpq_1_Q,m_2x2_systolic_mac.g_unit_x\[0\].g_unit_y\[0\].m_unit.m_mul.m_booth_radix4_unsugned_mul.x_i\[2\], main_clock
m_2x2_systolic_mac.g_unit_x\[0\].g_unit_y\[0\].m_unit.m_mul.m_booth_radix4_unsugned_mul.x_i\[3\]_sg13g2_dfrbpq_1_Q,m_2x2_systolic_mac.g_unit_x\[0\].g_unit_y\[0\].m_unit.m_mul.m_booth_radix4_unsugned_mul.x_i\[3\], main_clock
m_2x2_systolic_mac.g_unit_x\[0\].g_unit_y\[0\].m_unit.m_mul.m_booth_radix4_unsugned_mul.x_i\[4\]_sg13g2_dfrbpq_1_Q,m_2x2_systolic_mac.g_unit_x\[0\].g_unit_y\[0\].m_unit.m_mul.m_booth_radix4_unsugned_mul.x_i\[4\], main_clock
m_2x2_systolic_mac.g_unit_x\[0\].g_unit_y\[0\].m_unit.m_mul.m_booth_radix4_unsugned_mul.x_i\[5\]_sg13g2_dfrbpq_1_Q,m_2x2_systolic_mac.g_unit_x\[0\].g_unit_y\[0\].m_unit.m_mul.m_booth_radix4_unsugned_mul.x_i\[5\], main_clock
m_2x2_systolic_mac.g_unit_x\[0\].g_unit_y\[0\].m_unit.m_mul.m_booth_radix4_unsugned_mul.x_i\[6\]_sg13g2_dfrbpq_1_Q,m_2x2_systolic_mac.g_unit_x\[0\].g_unit_y\[0\].m_unit.m_mul.m_booth_radix4_unsugned_mul.x_i\[6\], main_clock
m_2x2_systolic_mac.g_unit_x\[0\].g_unit_y\[0\].m_unit.m_mul.sa_i_sg13g2_dfrbpq_1_Q,m_2x2_systolic_mac.g_unit_x\[0\].g_unit_y\[0\].m_unit.m_mul.sa_i, main_clock
m_2x2_systolic_mac.g_unit_x\[0\].g_unit_y\[0\].m_unit.step_i_sg13g2_dfrbpq_1_Q,m_2x2_systolic_mac.g_unit_x\[0\].g_unit_y\[0\].m_unit.step_i, main_clock
m_2x2_systolic_mac.g_unit_x\[0\].g_unit_y\[1\].m_unit.add_q\[0\]_sg13g2_dfrbpq_1_Q,m_2x2_systolic_mac.g_unit_x\[0\].g_unit_y\[1\].m_unit.add_q\[0\], main_clock
m_2x2_systolic_mac.g_unit_x\[0\].g_unit_y\[1\].m_unit.add_q\[10\]_sg13g2_dfrbpq_1_Q,m_2x2_systolic_mac.g_unit_x\[0\].g_unit_y\[1\].m_unit.add_q\[10\], main_clock
m_2x2_systolic_mac.g_unit_x\[0\].g_unit_y\[1\].m_unit.add_q\[11\]_sg13g2_dfrbpq_1_Q,m_2x2_systolic_mac.g_unit_x\[0\].g_unit_y\[1\].m_unit.add_q\[11\], main_clock
m_2x2_systolic_mac.g_unit_x\[0\].g_unit_y\[1\].m_unit.add_q\[12\]_sg13g2_dfrbpq_1_Q,m_2x2_systolic_mac.g_unit_x\[0\].g_unit_y\[1\].m_unit.add_q\[12\], main_clock
m_2x2_systolic_mac.g_unit_x\[0\].g_unit_y\[1\].m_unit.add_q\[13\]_sg13g2_dfrbpq_1_Q,m_2x2_systolic_mac.g_unit_x\[0\].g_unit_y\[1\].m_unit.add_q\[13\], main_clock
m_2x2_systolic_mac.g_unit_x\[0\].g_unit_y\[1\].m_unit.add_q\[14\]_sg13g2_dfrbpq_1_Q,m_2x2_systolic_mac.g_unit_x\[0\].g_unit_y\[1\].m_unit.add_q\[14\], main_clock
m_2x2_systolic_mac.g_unit_x\[0\].g_unit_y\[1\].m_unit.add_q\[15\]_sg13g2_dfrbpq_1_Q,m_2x2_systolic_mac.g_unit_x\[0\].g_unit_y\[1\].m_unit.add_q\[15\], main_clock
m_2x2_systolic_mac.g_unit_x\[0\].g_unit_y\[1\].m_unit.add_q\[1\]_sg13g2_dfrbpq_1_Q,m_2x2_systolic_mac.g_unit_x\[0\].g_unit_y\[1\].m_unit.add_q\[1\], main_clock
m_2x2_systolic_mac.g_unit_x\[0\].g_unit_y\[1\].m_unit.add_q\[2\]_sg13g2_dfrbpq_1_Q,m_2x2_systolic_mac.g_unit_x\[0\].g_unit_y\[1\].m_unit.add_q\[2\], main_clock
m_2x2_systolic_mac.g_unit_x\[0\].g_unit_y\[1\].m_unit.add_q\[3\]_sg13g2_dfrbpq_1_Q,m_2x2_systolic_mac.g_unit_x\[0\].g_unit_y\[1\].m_unit.add_q\[3\], main_clock
m_2x2_systolic_mac.g_unit_x\[0\].g_unit_y\[1\].m_unit.add_q\[4\]_sg13g2_dfrbpq_1_Q,m_2x2_systolic_mac.g_unit_x\[0\].g_unit_y\[1\].m_unit.add_q\[4\], main_clock
m_2x2_systolic_mac.g_unit_x\[0\].g_unit_y\[1\].m_unit.add_q\[5\]_sg13g2_dfrbpq_1_Q,m_2x2_systolic_mac.g_unit_x\[0\].g_unit_y\[1\].m_unit.add_q\[5\], main_clock
m_2x2_systolic_mac.g_unit_x\[0\].g_unit_y\[1\].m_unit.add_q\[6\]_sg13g2_dfrbpq_1_Q,m_2x2_systolic_mac.g_unit_x\[0\].g_unit_y\[1\].m_unit.add_q\[6\], main_clock
m_2x2_systolic_mac.g_unit_x\[0\].g_unit_y\[1\].m_unit.add_q\[7\]_sg13g2_dfrbpq_1_Q,m_2x2_systolic_mac.g_unit_x\[0\].g_unit_y\[1\].m_unit.add_q\[7\], main_clock
m_2x2_systolic_mac.g_unit_x\[0\].g_unit_y\[1\].m_unit.add_q\[8\]_sg13g2_dfrbpq_1_Q,m_2x2_systolic_mac.g_unit_x\[0\].g_unit_y\[1\].m_unit.add_q\[8\], main_clock
m_2x2_systolic_mac.g_unit_x\[0\].g_unit_y\[1\].m_unit.add_q\[9\]_sg13g2_dfrbpq_1_Q,m_2x2_systolic_mac.g_unit_x\[0\].g_unit_y\[1\].m_unit.add_q\[9\], main_clock
m_2x2_systolic_mac.g_unit_x\[0\].g_unit_y\[1\].m_unit.m_mul.ea_i\[0\]_sg13g2_dfrbpq_1_Q,m_2x2_systolic_mac.g_unit_x\[0\].g_unit_y\[1\].m_unit.m_mul.ea_i\[0\], main_clock
m_2x2_systolic_mac.g_unit_x\[0\].g_unit_y\[1\].m_unit.m_mul.ea_i\[1\]_sg13g2_dfrbpq_1_Q,m_2x2_systolic_mac.g_unit_x\[0\].g_unit_y\[1\].m_unit.m_mul.ea_i\[1\], main_clock
m_2x2_systolic_mac.g_unit_x\[0\].g_unit_y\[1\].m_unit.m_mul.ea_i\[2\]_sg13g2_dfrbpq_1_Q,m_2x2_systolic_mac.g_unit_x\[0\].g_unit_y\[1\].m_unit.m_mul.ea_i\[2\], main_clock
m_2x2_systolic_mac.g_unit_x\[0\].g_unit_y\[1\].m_unit.m_mul.ea_i\[3\]_sg13g2_dfrbpq_1_Q,m_2x2_systolic_mac.g_unit_x\[0\].g_unit_y\[1\].m_unit.m_mul.ea_i\[3\], main_clock
m_2x2_systolic_mac.g_unit_x\[0\].g_unit_y\[1\].m_unit.m_mul.ea_i\[4\]_sg13g2_dfrbpq_1_Q,m_2x2_systolic_mac.g_unit_x\[0\].g_unit_y\[1\].m_unit.m_mul.ea_i\[4\], main_clock
m_2x2_systolic_mac.g_unit_x\[0\].g_unit_y\[1\].m_unit.m_mul.ea_i\[5\]_sg13g2_dfrbpq_1_Q,m_2x2_systolic_mac.g_unit_x\[0\].g_unit_y\[1\].m_unit.m_mul.ea_i\[5\], main_clock
m_2x2_systolic_mac.g_unit_x\[0\].g_unit_y\[1\].m_unit.m_mul.ea_i\[6\]_sg13g2_dfrbpq_1_Q,m_2x2_systolic_mac.g_unit_x\[0\].g_unit_y\[1\].m_unit.m_mul.ea_i\[6\], main_clock
m_2x2_systolic_mac.g_unit_x\[0\].g_unit_y\[1\].m_unit.m_mul.ea_i\[7\]_sg13g2_dfrbpq_1_Q,m_2x2_systolic_mac.g_unit_x\[0\].g_unit_y\[1\].m_unit.m_mul.ea_i\[7\], main_clock
m_2x2_systolic_mac.g_unit_x\[0\].g_unit_y\[1\].m_unit.m_mul.m_booth_radix4_unsugned_mul.x_i\[0\]_sg13g2_dfrbpq_1_Q,m_2x2_systolic_mac.g_unit_x\[0\].g_unit_y\[1\].m_unit.m_mul.m_booth_radix4_unsugned_mul.x_i\[0\], main_clock
m_2x2_systolic_mac.g_unit_x\[0\].g_unit_y\[1\].m_unit.m_mul.m_booth_radix4_unsugned_mul.x_i\[1\]_sg13g2_dfrbpq_1_Q,m_2x2_systolic_mac.g_unit_x\[0\].g_unit_y\[1\].m_unit.m_mul.m_booth_radix4_unsugned_mul.x_i\[1\], main_clock
m_2x2_systolic_mac.g_unit_x\[0\].g_unit_y\[1\].m_unit.m_mul.m_booth_radix4_unsugned_mul.x_i\[2\]_sg13g2_dfrbpq_1_Q,m_2x2_systolic_mac.g_unit_x\[0\].g_unit_y\[1\].m_unit.m_mul.m_booth_radix4_unsugned_mul.x_i\[2\], main_clock
m_2x2_systolic_mac.g_unit_x\[0\].g_unit_y\[1\].m_unit.m_mul.m_booth_radix4_unsugned_mul.x_i\[3\]_sg13g2_dfrbpq_1_Q,m_2x2_systolic_mac.g_unit_x\[0\].g_unit_y\[1\].m_unit.m_mul.m_booth_radix4_unsugned_mul.x_i\[3\], main_clock
m_2x2_systolic_mac.g_unit_x\[0\].g_unit_y\[1\].m_unit.m_mul.m_booth_radix4_unsugned_mul.x_i\[4\]_sg13g2_dfrbpq_1_Q,m_2x2_systolic_mac.g_unit_x\[0\].g_unit_y\[1\].m_unit.m_mul.m_booth_radix4_unsugned_mul.x_i\[4\], main_clock
m_2x2_systolic_mac.g_unit_x\[0\].g_unit_y\[1\].m_unit.m_mul.m_booth_radix4_unsugned_mul.x_i\[5\]_sg13g2_dfrbpq_1_Q,m_2x2_systolic_mac.g_unit_x\[0\].g_unit_y\[1\].m_unit.m_mul.m_booth_radix4_unsugned_mul.x_i\[5\], main_clock
m_2x2_systolic_mac.g_unit_x\[0\].g_unit_y\[1\].m_unit.m_mul.m_booth_radix4_unsugned_mul.x_i\[6\]_sg13g2_dfrbpq_1_Q,m_2x2_systolic_mac.g_unit_x\[0\].g_unit_y\[1\].m_unit.m_mul.m_booth_radix4_unsugned_mul.x_i\[6\], main_clock
m_2x2_systolic_mac.g_unit_x\[0\].g_unit_y\[1\].m_unit.m_mul.sa_i_sg13g2_dfrbpq_1_Q,m_2x2_systolic_mac.g_unit_x\[0\].g_unit_y\[1\].m_unit.m_mul.sa_i, main_clock
m_2x2_systolic_mac.g_unit_x\[1\].g_unit_y\[0\].m_unit.m_mul.ea_i\[0\]_sg13g2_dfrbpq_1_Q,m_2x2_systolic_mac.g_unit_x\[1\].g_unit_y\[0\].m_unit.m_mul.ea_i\[0\], main_clock
m_2x2_systolic_mac.g_unit_x\[1\].g_unit_y\[0\].m_unit.m_mul.ea_i\[1\]_sg13g2_dfrbpq_1_Q,m_2x2_systolic_mac.g_unit_x\[1\].g_unit_y\[0\].m_unit.m_mul.ea_i\[1\], main_clock
m_2x2_systolic_mac.g_unit_x\[1\].g_unit_y\[0\].m_unit.m_mul.ea_i\[2\]_sg13g2_dfrbpq_1_Q,m_2x2_systolic_mac.g_unit_x\[1\].g_unit_y\[0\].m_unit.m_mul.ea_i\[2\], main_clock
m_2x2_systolic_mac.g_unit_x\[1\].g_unit_y\[0\].m_unit.m_mul.ea_i\[3\]_sg13g2_dfrbpq_1_Q,m_2x2_systolic_mac.g_unit_x\[1\].g_unit_y\[0\].m_unit.m_mul.ea_i\[3\], main_clock
m_2x2_systolic_mac.g_unit_x\[1\].g_unit_y\[0\].m_unit.m_mul.ea_i\[4\]_sg13g2_dfrbpq_1_Q,m_2x2_systolic_mac.g_unit_x\[1\].g_unit_y\[0\].m_unit.m_mul.ea_i\[4\], main_clock
m_2x2_systolic_mac.g_unit_x\[1\].g_unit_y\[0\].m_unit.m_mul.ea_i\[5\]_sg13g2_dfrbpq_1_Q,m_2x2_systolic_mac.g_unit_x\[1\].g_unit_y\[0\].m_unit.m_mul.ea_i\[5\], main_clock
m_2x2_systolic_mac.g_unit_x\[1\].g_unit_y\[0\].m_unit.m_mul.ea_i\[6\]_sg13g2_dfrbpq_1_Q,m_2x2_systolic_mac.g_unit_x\[1\].g_unit_y\[0\].m_unit.m_mul.ea_i\[6\], main_clock
m_2x2_systolic_mac.g_unit_x\[1\].g_unit_y\[0\].m_unit.m_mul.ea_i\[7\]_sg13g2_dfrbpq_1_Q,m_2x2_systolic_mac.g_unit_x\[1\].g_unit_y\[0\].m_unit.m_mul.ea_i\[7\], main_clock
m_2x2_systolic_mac.g_unit_x\[1\].g_unit_y\[0\].m_unit.m_mul.m_booth_radix4_unsugned_mul.x_i\[0\]_sg13g2_dfrbpq_1_Q,m_2x2_systolic_mac.g_unit_x\[1\].g_unit_y\[0\].m_unit.m_mul.m_booth_radix4_unsugned_mul.x_i\[0\], main_clock
m_2x2_systolic_mac.g_unit_x\[1\].g_unit_y\[0\].m_unit.m_mul.m_booth_radix4_unsugned_mul.x_i\[1\]_sg13g2_dfrbpq_1_Q,m_2x2_systolic_mac.g_unit_x\[1\].g_unit_y\[0\].m_unit.m_mul.m_booth_radix4_unsugned_mul.x_i\[1\], main_clock
m_2x2_systolic_mac.g_unit_x\[1\].g_unit_y\[0\].m_unit.m_mul.m_booth_radix4_unsugned_mul.x_i\[2\]_sg13g2_dfrbpq_1_Q,m_2x2_systolic_mac.g_unit_x\[1\].g_unit_y\[0\].m_unit.m_mul.m_booth_radix4_unsugned_mul.x_i\[2\], main_clock
m_2x2_systolic_mac.g_unit_x\[1\].g_unit_y\[0\].m_unit.m_mul.m_booth_radix4_unsugned_mul.x_i\[3\]_sg13g2_dfrbpq_1_Q,m_2x2_systolic_mac.g_unit_x\[1\].g_unit_y\[0\].m_unit.m_mul.m_booth_radix4_unsugned_mul.x_i\[3\], main_clock
m_2x2_systolic_mac.g_unit_x\[1\].g_unit_y\[0\].m_unit.m_mul.m_booth_radix4_unsugned_mul.x_i\[4\]_sg13g2_dfrbpq_1_Q,m_2x2_systolic_mac.g_unit_x\[1\].g_unit_y\[0\].m_unit.m_mul.m_booth_radix4_unsugned_mul.x_i\[4\], main_clock
m_2x2_systolic_mac.g_unit_x\[1\].g_unit_y\[0\].m_unit.m_mul.m_booth_radix4_unsugned_mul.x_i\[5\]_sg13g2_dfrbpq_1_Q,m_2x2_systolic_mac.g_unit_x\[1\].g_unit_y\[0\].m_unit.m_mul.m_booth_radix4_unsugned_mul.x_i\[5\], main_clock
m_2x2_systolic_mac.g_unit_x\[1\].g_unit_y\[0\].m_unit.m_mul.m_booth_radix4_unsugned_mul.x_i\[6\]_sg13g2_dfrbpq_1_Q,m_2x2_systolic_mac.g_unit_x\[1\].g_unit_y\[0\].m_unit.m_mul.m_booth_radix4_unsugned_mul.x_i\[6\], main_clock
m_2x2_systolic_mac.g_unit_x\[1\].g_unit_y\[0\].m_unit.m_mul.sa_i_sg13g2_dfrbpq_1_Q,m_2x2_systolic_mac.g_unit_x\[1\].g_unit_y\[0\].m_unit.m_mul.sa_i, main_clock
m_2x2_systolic_mac.g_unit_x\[1\].g_unit_y\[1\].m_unit.add_q\[0\]_sg13g2_dfrbpq_1_Q,m_2x2_systolic_mac.g_unit_x\[1\].g_unit_y\[1\].m_unit.add_q\[0\], main_clock
m_2x2_systolic_mac.g_unit_x\[1\].g_unit_y\[1\].m_unit.add_q\[10\]_sg13g2_dfrbpq_1_Q,m_2x2_systolic_mac.g_unit_x\[1\].g_unit_y\[1\].m_unit.add_q\[10\], main_clock
m_2x2_systolic_mac.g_unit_x\[1\].g_unit_y\[1\].m_unit.add_q\[11\]_sg13g2_dfrbpq_1_Q,m_2x2_systolic_mac.g_unit_x\[1\].g_unit_y\[1\].m_unit.add_q\[11\], main_clock
m_2x2_systolic_mac.g_unit_x\[1\].g_unit_y\[1\].m_unit.add_q\[12\]_sg13g2_dfrbpq_1_Q,m_2x2_systolic_mac.g_unit_x\[1\].g_unit_y\[1\].m_unit.add_q\[12\], main_clock
m_2x2_systolic_mac.g_unit_x\[1\].g_unit_y\[1\].m_unit.add_q\[13\]_sg13g2_dfrbpq_1_Q,m_2x2_systolic_mac.g_unit_x\[1\].g_unit_y\[1\].m_unit.add_q\[13\], main_clock
m_2x2_systolic_mac.g_unit_x\[1\].g_unit_y\[1\].m_unit.add_q\[14\]_sg13g2_dfrbpq_1_Q,m_2x2_systolic_mac.g_unit_x\[1\].g_unit_y\[1\].m_unit.add_q\[14\], main_clock
m_2x2_systolic_mac.g_unit_x\[1\].g_unit_y\[1\].m_unit.add_q\[15\]_sg13g2_dfrbpq_1_Q,m_2x2_systolic_mac.g_unit_x\[1\].g_unit_y\[1\].m_unit.add_q\[15\], main_clock
m_2x2_systolic_mac.g_unit_x\[1\].g_unit_y\[1\].m_unit.add_q\[1\]_sg13g2_dfrbpq_1_Q,m_2x2_systolic_mac.g_unit_x\[1\].g_unit_y\[1\].m_unit.add_q\[1\], main_clock
m_2x2_systolic_mac.g_unit_x\[1\].g_unit_y\[1\].m_unit.add_q\[2\]_sg13g2_dfrbpq_1_Q,m_2x2_systolic_mac.g_unit_x\[1\].g_unit_y\[1\].m_unit.add_q\[2\], main_clock
m_2x2_systolic_mac.g_unit_x\[1\].g_unit_y\[1\].m_unit.add_q\[3\]_sg13g2_dfrbpq_1_Q,m_2x2_systolic_mac.g_unit_x\[1\].g_unit_y\[1\].m_unit.add_q\[3\], main_clock
m_2x2_systolic_mac.g_unit_x\[1\].g_unit_y\[1\].m_unit.add_q\[4\]_sg13g2_dfrbpq_1_Q,m_2x2_systolic_mac.g_unit_x\[1\].g_unit_y\[1\].m_unit.add_q\[4\], main_clock
m_2x2_systolic_mac.g_unit_x\[1\].g_unit_y\[1\].m_unit.add_q\[5\]_sg13g2_dfrbpq_1_Q,m_2x2_systolic_mac.g_unit_x\[1\].g_unit_y\[1\].m_unit.add_q\[5\], main_clock
m_2x2_systolic_mac.g_unit_x\[1\].g_unit_y\[1\].m_unit.add_q\[6\]_sg13g2_dfrbpq_1_Q,m_2x2_systolic_mac.g_unit_x\[1\].g_unit_y\[1\].m_unit.add_q\[6\], main_clock
m_2x2_systolic_mac.g_unit_x\[1\].g_unit_y\[1\].m_unit.add_q\[7\]_sg13g2_dfrbpq_1_Q,m_2x2_systolic_mac.g_unit_x\[1\].g_unit_y\[1\].m_unit.add_q\[7\], main_clock
m_2x2_systolic_mac.g_unit_x\[1\].g_unit_y\[1\].m_unit.add_q\[8\]_sg13g2_dfrbpq_1_Q,m_2x2_systolic_mac.g_unit_x\[1\].g_unit_y\[1\].m_unit.add_q\[8\], main_clock
m_2x2_systolic_mac.g_unit_x\[1\].g_unit_y\[1\].m_unit.add_q\[9\]_sg13g2_dfrbpq_1_Q,m_2x2_systolic_mac.g_unit_x\[1\].g_unit_y\[1\].m_unit.add_q\[9\], main_clock
m_2x2_systolic_mac.g_unit_x\[1\].g_unit_y\[1\].m_unit.m_mul.ea_i\[0\]_sg13g2_dfrbpq_1_Q,m_2x2_systolic_mac.g_unit_x\[1\].g_unit_y\[1\].m_unit.m_mul.ea_i\[0\], main_clock
m_2x2_systolic_mac.g_unit_x\[1\].g_unit_y\[1\].m_unit.m_mul.ea_i\[1\]_sg13g2_dfrbpq_1_Q,m_2x2_systolic_mac.g_unit_x\[1\].g_unit_y\[1\].m_unit.m_mul.ea_i\[1\], main_clock
m_2x2_systolic_mac.g_unit_x\[1\].g_unit_y\[1\].m_unit.m_mul.ea_i\[2\]_sg13g2_dfrbpq_1_Q,m_2x2_systolic_mac.g_unit_x\[1\].g_unit_y\[1\].m_unit.m_mul.ea_i\[2\], main_clock
m_2x2_systolic_mac.g_unit_x\[1\].g_unit_y\[1\].m_unit.m_mul.ea_i\[3\]_sg13g2_dfrbpq_1_Q,m_2x2_systolic_mac.g_unit_x\[1\].g_unit_y\[1\].m_unit.m_mul.ea_i\[3\], main_clock
m_2x2_systolic_mac.g_unit_x\[1\].g_unit_y\[1\].m_unit.m_mul.ea_i\[4\]_sg13g2_dfrbpq_1_Q,m_2x2_systolic_mac.g_unit_x\[1\].g_unit_y\[1\].m_unit.m_mul.ea_i\[4\], main_clock
m_2x2_systolic_mac.g_unit_x\[1\].g_unit_y\[1\].m_unit.m_mul.ea_i\[5\]_sg13g2_dfrbpq_1_Q,m_2x2_systolic_mac.g_unit_x\[1\].g_unit_y\[1\].m_unit.m_mul.ea_i\[5\], main_clock
m_2x2_systolic_mac.g_unit_x\[1\].g_unit_y\[1\].m_unit.m_mul.ea_i\[6\]_sg13g2_dfrbpq_1_Q,m_2x2_systolic_mac.g_unit_x\[1\].g_unit_y\[1\].m_unit.m_mul.ea_i\[6\], main_clock
m_2x2_systolic_mac.g_unit_x\[1\].g_unit_y\[1\].m_unit.m_mul.ea_i\[7\]_sg13g2_dfrbpq_1_Q,m_2x2_systolic_mac.g_unit_x\[1\].g_unit_y\[1\].m_unit.m_mul.ea_i\[7\], main_clock
m_2x2_systolic_mac.g_unit_x\[1\].g_unit_y\[1\].m_unit.m_mul.m_booth_radix4_unsugned_mul.x_i\[0\]_sg13g2_dfrbpq_1_Q,m_2x2_systolic_mac.g_unit_x\[1\].g_unit_y\[1\].m_unit.m_mul.m_booth_radix4_unsugned_mul.x_i\[0\], main_clock
m_2x2_systolic_mac.g_unit_x\[1\].g_unit_y\[1\].m_unit.m_mul.m_booth_radix4_unsugned_mul.x_i\[1\]_sg13g2_dfrbpq_1_Q,m_2x2_systolic_mac.g_unit_x\[1\].g_unit_y\[1\].m_unit.m_mul.m_booth_radix4_unsugned_mul.x_i\[1\], main_clock
m_2x2_systolic_mac.g_unit_x\[1\].g_unit_y\[1\].m_unit.m_mul.m_booth_radix4_unsugned_mul.x_i\[2\]_sg13g2_dfrbpq_1_Q,m_2x2_systolic_mac.g_unit_x\[1\].g_unit_y\[1\].m_unit.m_mul.m_booth_radix4_unsugned_mul.x_i\[2\], main_clock
m_2x2_systolic_mac.g_unit_x\[1\].g_unit_y\[1\].m_unit.m_mul.m_booth_radix4_unsugned_mul.x_i\[3\]_sg13g2_dfrbpq_1_Q,m_2x2_systolic_mac.g_unit_x\[1\].g_unit_y\[1\].m_unit.m_mul.m_booth_radix4_unsugned_mul.x_i\[3\], main_clock
m_2x2_systolic_mac.g_unit_x\[1\].g_unit_y\[1\].m_unit.m_mul.m_booth_radix4_unsugned_mul.x_i\[4\]_sg13g2_dfrbpq_1_Q,m_2x2_systolic_mac.g_unit_x\[1\].g_unit_y\[1\].m_unit.m_mul.m_booth_radix4_unsugned_mul.x_i\[4\], main_clock
m_2x2_systolic_mac.g_unit_x\[1\].g_unit_y\[1\].m_unit.m_mul.m_booth_radix4_unsugned_mul.x_i\[5\]_sg13g2_dfrbpq_1_Q,m_2x2_systolic_mac.g_unit_x\[1\].g_unit_y\[1\].m_unit.m_mul.m_booth_radix4_unsugned_mul.x_i\[5\], main_clock
m_2x2_systolic_mac.g_unit_x\[1\].g_unit_y\[1\].m_unit.m_mul.m_booth_radix4_unsugned_mul.x_i\[6\]_sg13g2_dfrbpq_1_Q,m_2x2_systolic_mac.g_unit_x\[1\].g_unit_y\[1\].m_unit.m_mul.m_booth_radix4_unsugned_mul.x_i\[6\], main_clock
m_2x2_systolic_mac.g_unit_x\[1\].g_unit_y\[1\].m_unit.m_mul.sa_i_sg13g2_dfrbpq_1_Q,m_2x2_systolic_mac.g_unit_x\[1\].g_unit_y\[1\].m_unit.m_mul.sa_i, main_clock
m_2x2_systolic_mac.m_fsm.en_q_sg13g2_dfrbpq_1_Q,m_2x2_systolic_mac.m_fsm.en_q, main_clock
m_2x2_systolic_mac.m_fsm.last_step_q_sg13g2_dfrbpq_1_Q,m_2x2_systolic_mac.m_fsm.last_step_q, main_clock
m_2x2_systolic_mac.m_fsm.rd_res_seq_d1_q\[0\]_sg13g2_dfrbpq_1_Q,m_2x2_systolic_mac.m_fsm.rd_res_seq_d1_q\[0\], main_clock
m_2x2_systolic_mac.m_fsm.rd_res_seq_d1_q\[1\]_sg13g2_dfrbpq_1_Q,m_2x2_systolic_mac.m_fsm.rd_res_seq_d1_q\[1\], main_clock
m_2x2_systolic_mac.m_fsm.rd_res_seq_d1_q\[2\]_sg13g2_dfrbpq_1_Q,m_2x2_systolic_mac.m_fsm.rd_res_seq_d1_q\[2\], main_clock
m_2x2_systolic_mac.m_fsm.rd_res_seq_q\[0\]_sg13g2_dfrbpq_1_Q,m_2x2_systolic_mac.m_fsm.rd_res_seq_q\[0\], main_clock
m_2x2_systolic_mac.m_fsm.rd_res_seq_q\[1\]_sg13g2_dfrbpq_1_Q,m_2x2_systolic_mac.m_fsm.rd_res_seq_q\[1\], main_clock
m_2x2_systolic_mac.m_fsm.rd_res_seq_q\[2\]_sg13g2_dfrbpq_1_Q,m_2x2_systolic_mac.m_fsm.rd_res_seq_q\[2\], main_clock
m_2x2_systolic_mac.m_fsm.wr_data_idx_q\[0\]_sg13g2_dfrbpq_1_Q,m_2x2_systolic_mac.m_fsm.wr_data_idx_q\[0\], main_clock
m_2x2_systolic_mac.m_fsm.wr_data_idx_q\[1\]_sg13g2_dfrbpq_1_Q,m_2x2_systolic_mac.m_fsm.wr_data_idx_q\[1\], main_clock
m_2x2_systolic_mac.m_fsm.wr_data_idx_q\[2\]_sg13g2_dfrbpq_1_Q,m_2x2_systolic_mac.m_fsm.wr_data_idx_q\[2\], main_clock
m_2x2_systolic_mac.m_fsm.wr_weight_idx_q\[0\]_sg13g2_dfrbpq_1_Q,m_2x2_systolic_mac.m_fsm.wr_weight_idx_q\[0\], main_clock
m_2x2_systolic_mac.m_fsm.wr_weight_idx_q\[1\]_sg13g2_dfrbpq_1_Q,m_2x2_systolic_mac.m_fsm.wr_weight_idx_q\[1\], main_clock
m_2x2_systolic_mac.m_fsm.wr_weight_idx_q\[2\]_sg13g2_dfrbpq_1_Q,m_2x2_systolic_mac.m_fsm.wr_weight_idx_q\[2\], main_clock
m_2x2_systolic_mac.m_mac_result_streamout_2x2.gather_q\[0\]\[0\]_sg13g2_dfrbpq_1_Q,m_2x2_systolic_mac.m_mac_result_streamout_2x2.gather_q\[0\]\[0\], main_clock
m_2x2_systolic_mac.m_mac_result_streamout_2x2.gather_q\[0\]\[10\]_sg13g2_dfrbpq_1_Q,m_2x2_systolic_mac.m_mac_result_streamout_2x2.gather_q\[0\]\[10\], main_clock
m_2x2_systolic_mac.m_mac_result_streamout_2x2.gather_q\[0\]\[11\]_sg13g2_dfrbpq_1_Q,m_2x2_systolic_mac.m_mac_result_streamout_2x2.gather_q\[0\]\[11\], main_clock
m_2x2_systolic_mac.m_mac_result_streamout_2x2.gather_q\[0\]\[12\]_sg13g2_dfrbpq_1_Q,m_2x2_systolic_mac.m_mac_result_streamout_2x2.gather_q\[0\]\[12\], main_clock
m_2x2_systolic_mac.m_mac_result_streamout_2x2.gather_q\[0\]\[13\]_sg13g2_dfrbpq_1_Q,m_2x2_systolic_mac.m_mac_result_streamout_2x2.gather_q\[0\]\[13\], main_clock
m_2x2_systolic_mac.m_mac_result_streamout_2x2.gather_q\[0\]\[14\]_sg13g2_dfrbpq_1_Q,m_2x2_systolic_mac.m_mac_result_streamout_2x2.gather_q\[0\]\[14\], main_clock
m_2x2_systolic_mac.m_mac_result_streamout_2x2.gather_q\[0\]\[15\]_sg13g2_dfrbpq_1_Q,m_2x2_systolic_mac.m_mac_result_streamout_2x2.gather_q\[0\]\[15\], main_clock
m_2x2_systolic_mac.m_mac_result_streamout_2x2.gather_q\[0\]\[1\]_sg13g2_dfrbpq_1_Q,m_2x2_systolic_mac.m_mac_result_streamout_2x2.gather_q\[0\]\[1\], main_clock
m_2x2_systolic_mac.m_mac_result_streamout_2x2.gather_q\[0\]\[2\]_sg13g2_dfrbpq_1_Q,m_2x2_systolic_mac.m_mac_result_streamout_2x2.gather_q\[0\]\[2\], main_clock
m_2x2_systolic_mac.m_mac_result_streamout_2x2.gather_q\[0\]\[3\]_sg13g2_dfrbpq_1_Q,m_2x2_systolic_mac.m_mac_result_streamout_2x2.gather_q\[0\]\[3\], main_clock
m_2x2_systolic_mac.m_mac_result_streamout_2x2.gather_q\[0\]\[4\]_sg13g2_dfrbpq_1_Q,m_2x2_systolic_mac.m_mac_result_streamout_2x2.gather_q\[0\]\[4\], main_clock
m_2x2_systolic_mac.m_mac_result_streamout_2x2.gather_q\[0\]\[5\]_sg13g2_dfrbpq_1_Q,m_2x2_systolic_mac.m_mac_result_streamout_2x2.gather_q\[0\]\[5\], main_clock
m_2x2_systolic_mac.m_mac_result_streamout_2x2.gather_q\[0\]\[6\]_sg13g2_dfrbpq_1_Q,m_2x2_systolic_mac.m_mac_result_streamout_2x2.gather_q\[0\]\[6\], main_clock
m_2x2_systolic_mac.m_mac_result_streamout_2x2.gather_q\[0\]\[7\]_sg13g2_dfrbpq_1_Q,m_2x2_systolic_mac.m_mac_result_streamout_2x2.gather_q\[0\]\[7\], main_clock
m_2x2_systolic_mac.m_mac_result_streamout_2x2.gather_q\[0\]\[8\]_sg13g2_dfrbpq_1_Q,m_2x2_systolic_mac.m_mac_result_streamout_2x2.gather_q\[0\]\[8\], main_clock
m_2x2_systolic_mac.m_mac_result_streamout_2x2.gather_q\[0\]\[9\]_sg13g2_dfrbpq_1_Q,m_2x2_systolic_mac.m_mac_result_streamout_2x2.gather_q\[0\]\[9\], main_clock
m_2x2_systolic_mac.m_mac_result_streamout_2x2.gather_q\[1\]\[0\]_sg13g2_dfrbpq_1_Q,m_2x2_systolic_mac.m_mac_result_streamout_2x2.gather_q\[1\]\[0\], main_clock
m_2x2_systolic_mac.m_mac_result_streamout_2x2.gather_q\[1\]\[10\]_sg13g2_dfrbpq_1_Q,m_2x2_systolic_mac.m_mac_result_streamout_2x2.gather_q\[1\]\[10\], main_clock
m_2x2_systolic_mac.m_mac_result_streamout_2x2.gather_q\[1\]\[11\]_sg13g2_dfrbpq_1_Q,m_2x2_systolic_mac.m_mac_result_streamout_2x2.gather_q\[1\]\[11\], main_clock
m_2x2_systolic_mac.m_mac_result_streamout_2x2.gather_q\[1\]\[12\]_sg13g2_dfrbpq_1_Q,m_2x2_systolic_mac.m_mac_result_streamout_2x2.gather_q\[1\]\[12\], main_clock
m_2x2_systolic_mac.m_mac_result_streamout_2x2.gather_q\[1\]\[13\]_sg13g2_dfrbpq_1_Q,m_2x2_systolic_mac.m_mac_result_streamout_2x2.gather_q\[1\]\[13\], main_clock
m_2x2_systolic_mac.m_mac_result_streamout_2x2.gather_q\[1\]\[14\]_sg13g2_dfrbpq_1_Q,m_2x2_systolic_mac.m_mac_result_streamout_2x2.gather_q\[1\]\[14\], main_clock
m_2x2_systolic_mac.m_mac_result_streamout_2x2.gather_q\[1\]\[15\]_sg13g2_dfrbpq_1_Q,m_2x2_systolic_mac.m_mac_result_streamout_2x2.gather_q\[1\]\[15\], main_clock
m_2x2_systolic_mac.m_mac_result_streamout_2x2.gather_q\[1\]\[1\]_sg13g2_dfrbpq_1_Q,m_2x2_systolic_mac.m_mac_result_streamout_2x2.gather_q\[1\]\[1\], main_clock
m_2x2_systolic_mac.m_mac_result_streamout_2x2.gather_q\[1\]\[2\]_sg13g2_dfrbpq_1_Q,m_2x2_systolic_mac.m_mac_result_streamout_2x2.gather_q\[1\]\[2\], main_clock
m_2x2_systolic_mac.m_mac_result_streamout_2x2.gather_q\[1\]\[3\]_sg13g2_dfrbpq_1_Q,m_2x2_systolic_mac.m_mac_result_streamout_2x2.gather_q\[1\]\[3\], main_clock
m_2x2_systolic_mac.m_mac_result_streamout_2x2.gather_q\[1\]\[4\]_sg13g2_dfrbpq_1_Q,m_2x2_systolic_mac.m_mac_result_streamout_2x2.gather_q\[1\]\[4\], main_clock
m_2x2_systolic_mac.m_mac_result_streamout_2x2.gather_q\[1\]\[5\]_sg13g2_dfrbpq_1_Q,m_2x2_systolic_mac.m_mac_result_streamout_2x2.gather_q\[1\]\[5\], main_clock
m_2x2_systolic_mac.m_mac_result_streamout_2x2.gather_q\[1\]\[6\]_sg13g2_dfrbpq_1_Q,m_2x2_systolic_mac.m_mac_result_streamout_2x2.gather_q\[1\]\[6\], main_clock
m_2x2_systolic_mac.m_mac_result_streamout_2x2.gather_q\[1\]\[7\]_sg13g2_dfrbpq_1_Q,m_2x2_systolic_mac.m_mac_result_streamout_2x2.gather_q\[1\]\[7\], main_clock
m_2x2_systolic_mac.m_mac_result_streamout_2x2.gather_q\[1\]\[8\]_sg13g2_dfrbpq_1_Q,m_2x2_systolic_mac.m_mac_result_streamout_2x2.gather_q\[1\]\[8\], main_clock
m_2x2_systolic_mac.m_mac_result_streamout_2x2.gather_q\[1\]\[9\]_sg13g2_dfrbpq_1_Q,m_2x2_systolic_mac.m_mac_result_streamout_2x2.gather_q\[1\]\[9\], main_clock
m_2x2_systolic_mac.m_mac_result_streamout_2x2.gather_q\[2\]\[0\]_sg13g2_dfrbpq_1_Q,m_2x2_systolic_mac.m_mac_result_streamout_2x2.gather_q\[2\]\[0\], main_clock
m_2x2_systolic_mac.m_mac_result_streamout_2x2.gather_q\[2\]\[10\]_sg13g2_dfrbpq_1_Q,m_2x2_systolic_mac.m_mac_result_streamout_2x2.gather_q\[2\]\[10\], main_clock
m_2x2_systolic_mac.m_mac_result_streamout_2x2.gather_q\[2\]\[11\]_sg13g2_dfrbpq_1_Q,m_2x2_systolic_mac.m_mac_result_streamout_2x2.gather_q\[2\]\[11\], main_clock
m_2x2_systolic_mac.m_mac_result_streamout_2x2.gather_q\[2\]\[12\]_sg13g2_dfrbpq_1_Q,m_2x2_systolic_mac.m_mac_result_streamout_2x2.gather_q\[2\]\[12\], main_clock
m_2x2_systolic_mac.m_mac_result_streamout_2x2.gather_q\[2\]\[13\]_sg13g2_dfrbpq_1_Q,m_2x2_systolic_mac.m_mac_result_streamout_2x2.gather_q\[2\]\[13\], main_clock
m_2x2_systolic_mac.m_mac_result_streamout_2x2.gather_q\[2\]\[14\]_sg13g2_dfrbpq_1_Q,m_2x2_systolic_mac.m_mac_result_streamout_2x2.gather_q\[2\]\[14\], main_clock
m_2x2_systolic_mac.m_mac_result_streamout_2x2.gather_q\[2\]\[15\]_sg13g2_dfrbpq_1_Q,m_2x2_systolic_mac.m_mac_result_streamout_2x2.gather_q\[2\]\[15\], main_clock
m_2x2_systolic_mac.m_mac_result_streamout_2x2.gather_q\[2\]\[1\]_sg13g2_dfrbpq_1_Q,m_2x2_systolic_mac.m_mac_result_streamout_2x2.gather_q\[2\]\[1\], main_clock
m_2x2_systolic_mac.m_mac_result_streamout_2x2.gather_q\[2\]\[2\]_sg13g2_dfrbpq_1_Q,m_2x2_systolic_mac.m_mac_result_streamout_2x2.gather_q\[2\]\[2\], main_clock
m_2x2_systolic_mac.m_mac_result_streamout_2x2.gather_q\[2\]\[3\]_sg13g2_dfrbpq_1_Q,m_2x2_systolic_mac.m_mac_result_streamout_2x2.gather_q\[2\]\[3\], main_clock
m_2x2_systolic_mac.m_mac_result_streamout_2x2.gather_q\[2\]\[4\]_sg13g2_dfrbpq_1_Q,m_2x2_systolic_mac.m_mac_result_streamout_2x2.gather_q\[2\]\[4\], main_clock
m_2x2_systolic_mac.m_mac_result_streamout_2x2.gather_q\[2\]\[5\]_sg13g2_dfrbpq_1_Q,m_2x2_systolic_mac.m_mac_result_streamout_2x2.gather_q\[2\]\[5\], main_clock
m_2x2_systolic_mac.m_mac_result_streamout_2x2.gather_q\[2\]\[6\]_sg13g2_dfrbpq_1_Q,m_2x2_systolic_mac.m_mac_result_streamout_2x2.gather_q\[2\]\[6\], main_clock
m_2x2_systolic_mac.m_mac_result_streamout_2x2.gather_q\[2\]\[7\]_sg13g2_dfrbpq_1_Q,m_2x2_systolic_mac.m_mac_result_streamout_2x2.gather_q\[2\]\[7\], main_clock
m_2x2_systolic_mac.m_mac_result_streamout_2x2.gather_q\[2\]\[8\]_sg13g2_dfrbpq_1_Q,m_2x2_systolic_mac.m_mac_result_streamout_2x2.gather_q\[2\]\[8\], main_clock
m_2x2_systolic_mac.m_mac_result_streamout_2x2.gather_q\[2\]\[9\]_sg13g2_dfrbpq_1_Q,m_2x2_systolic_mac.m_mac_result_streamout_2x2.gather_q\[2\]\[9\], main_clock
m_2x2_systolic_mac.m_mac_result_streamout_2x2.gather_q\[3\]\[0\]_sg13g2_dfrbpq_1_Q,m_2x2_systolic_mac.m_mac_result_streamout_2x2.gather_q\[3\]\[0\], main_clock
m_2x2_systolic_mac.m_mac_result_streamout_2x2.gather_q\[3\]\[10\]_sg13g2_dfrbpq_1_Q,m_2x2_systolic_mac.m_mac_result_streamout_2x2.gather_q\[3\]\[10\], main_clock
m_2x2_systolic_mac.m_mac_result_streamout_2x2.gather_q\[3\]\[11\]_sg13g2_dfrbpq_1_Q,m_2x2_systolic_mac.m_mac_result_streamout_2x2.gather_q\[3\]\[11\], main_clock
m_2x2_systolic_mac.m_mac_result_streamout_2x2.gather_q\[3\]\[12\]_sg13g2_dfrbpq_1_Q,m_2x2_systolic_mac.m_mac_result_streamout_2x2.gather_q\[3\]\[12\], main_clock
m_2x2_systolic_mac.m_mac_result_streamout_2x2.gather_q\[3\]\[13\]_sg13g2_dfrbpq_1_Q,m_2x2_systolic_mac.m_mac_result_streamout_2x2.gather_q\[3\]\[13\], main_clock
m_2x2_systolic_mac.m_mac_result_streamout_2x2.gather_q\[3\]\[14\]_sg13g2_dfrbpq_1_Q,m_2x2_systolic_mac.m_mac_result_streamout_2x2.gather_q\[3\]\[14\], main_clock
m_2x2_systolic_mac.m_mac_result_streamout_2x2.gather_q\[3\]\[15\]_sg13g2_dfrbpq_1_Q,m_2x2_systolic_mac.m_mac_result_streamout_2x2.gather_q\[3\]\[15\], main_clock
m_2x2_systolic_mac.m_mac_result_streamout_2x2.gather_q\[3\]\[1\]_sg13g2_dfrbpq_1_Q,m_2x2_systolic_mac.m_mac_result_streamout_2x2.gather_q\[3\]\[1\], main_clock
m_2x2_systolic_mac.m_mac_result_streamout_2x2.gather_q\[3\]\[2\]_sg13g2_dfrbpq_1_Q,m_2x2_systolic_mac.m_mac_result_streamout_2x2.gather_q\[3\]\[2\], main_clock
m_2x2_systolic_mac.m_mac_result_streamout_2x2.gather_q\[3\]\[3\]_sg13g2_dfrbpq_1_Q,m_2x2_systolic_mac.m_mac_result_streamout_2x2.gather_q\[3\]\[3\], main_clock
m_2x2_systolic_mac.m_mac_result_streamout_2x2.gather_q\[3\]\[4\]_sg13g2_dfrbpq_1_Q,m_2x2_systolic_mac.m_mac_result_streamout_2x2.gather_q\[3\]\[4\], main_clock
m_2x2_systolic_mac.m_mac_result_streamout_2x2.gather_q\[3\]\[5\]_sg13g2_dfrbpq_1_Q,m_2x2_systolic_mac.m_mac_result_streamout_2x2.gather_q\[3\]\[5\], main_clock
m_2x2_systolic_mac.m_mac_result_streamout_2x2.gather_q\[3\]\[6\]_sg13g2_dfrbpq_1_Q,m_2x2_systolic_mac.m_mac_result_streamout_2x2.gather_q\[3\]\[6\], main_clock
m_2x2_systolic_mac.m_mac_result_streamout_2x2.gather_q\[3\]\[7\]_sg13g2_dfrbpq_1_Q,m_2x2_systolic_mac.m_mac_result_streamout_2x2.gather_q\[3\]\[7\], main_clock
m_2x2_systolic_mac.m_mac_result_streamout_2x2.gather_q\[3\]\[8\]_sg13g2_dfrbpq_1_Q,m_2x2_systolic_mac.m_mac_result_streamout_2x2.gather_q\[3\]\[8\], main_clock
m_2x2_systolic_mac.m_mac_result_streamout_2x2.gather_q\[3\]\[9\]_sg13g2_dfrbpq_1_Q,m_2x2_systolic_mac.m_mac_result_streamout_2x2.gather_q\[3\]\[9\], main_clock
m_2x2_systolic_mac.m_mac_result_streamout_2x2.mv_gather_to_stream_q_sg13g2_dfrbpq_1_Q,m_2x2_systolic_mac.m_mac_result_streamout_2x2.mv_gather_to_stream_q, main_clock
m_2x2_systolic_mac.m_mac_result_streamout_2x2.stream_idx_q\[0\]_sg13g2_dfrbpq_1_Q,m_2x2_systolic_mac.m_mac_result_streamout_2x2.stream_idx_q\[0\], main_clock
m_2x2_systolic_mac.m_mac_result_streamout_2x2.stream_idx_q\[1\]_sg13g2_dfrbpq_1_Q,m_2x2_systolic_mac.m_mac_result_streamout_2x2.stream_idx_q\[1\], main_clock
m_2x2_systolic_mac.m_mac_result_streamout_2x2.stream_idx_q\[2\]_sg13g2_dfrbpq_1_Q,m_2x2_systolic_mac.m_mac_result_streamout_2x2.stream_idx_q\[2\], main_clock
m_2x2_systolic_mac.m_mac_result_streamout_2x2.stream_idx_q\[3\]_sg13g2_dfrbpq_1_Q,m_2x2_systolic_mac.m_mac_result_streamout_2x2.stream_idx_q\[3\], main_clock
m_2x2_systolic_mac.m_mac_result_streamout_2x2.stream_q\[0\]_sg13g2_dfrbpq_1_Q,m_2x2_systolic_mac.m_mac_result_streamout_2x2.stream_q\[0\], main_clock
m_2x2_systolic_mac.m_mac_result_streamout_2x2.stream_q\[10\]_sg13g2_dfrbpq_1_Q,m_2x2_systolic_mac.m_mac_result_streamout_2x2.stream_q\[10\], main_clock
m_2x2_systolic_mac.m_mac_result_streamout_2x2.stream_q\[11\]_sg13g2_dfrbpq_1_Q,m_2x2_systolic_mac.m_mac_result_streamout_2x2.stream_q\[11\], main_clock
m_2x2_systolic_mac.m_mac_result_streamout_2x2.stream_q\[12\]_sg13g2_dfrbpq_1_Q,m_2x2_systolic_mac.m_mac_result_streamout_2x2.stream_q\[12\], main_clock
m_2x2_systolic_mac.m_mac_result_streamout_2x2.stream_q\[13\]_sg13g2_dfrbpq_1_Q,m_2x2_systolic_mac.m_mac_result_streamout_2x2.stream_q\[13\], main_clock
m_2x2_systolic_mac.m_mac_result_streamout_2x2.stream_q\[14\]_sg13g2_dfrbpq_1_Q,m_2x2_systolic_mac.m_mac_result_streamout_2x2.stream_q\[14\], main_clock
m_2x2_systolic_mac.m_mac_result_streamout_2x2.stream_q\[15\]_sg13g2_dfrbpq_1_Q,m_2x2_systolic_mac.m_mac_result_streamout_2x2.stream_q\[15\], main_clock
m_2x2_systolic_mac.m_mac_result_streamout_2x2.stream_q\[16\]_sg13g2_dfrbpq_1_Q,m_2x2_systolic_mac.m_mac_result_streamout_2x2.stream_q\[16\], main_clock
m_2x2_systolic_mac.m_mac_result_streamout_2x2.stream_q\[17\]_sg13g2_dfrbpq_1_Q,m_2x2_systolic_mac.m_mac_result_streamout_2x2.stream_q\[17\], main_clock
m_2x2_systolic_mac.m_mac_result_streamout_2x2.stream_q\[18\]_sg13g2_dfrbpq_1_Q,m_2x2_systolic_mac.m_mac_result_streamout_2x2.stream_q\[18\], main_clock
m_2x2_systolic_mac.m_mac_result_streamout_2x2.stream_q\[19\]_sg13g2_dfrbpq_1_Q,m_2x2_systolic_mac.m_mac_result_streamout_2x2.stream_q\[19\], main_clock
m_2x2_systolic_mac.m_mac_result_streamout_2x2.stream_q\[1\]_sg13g2_dfrbpq_1_Q,m_2x2_systolic_mac.m_mac_result_streamout_2x2.stream_q\[1\], main_clock
m_2x2_systolic_mac.m_mac_result_streamout_2x2.stream_q\[20\]_sg13g2_dfrbpq_1_Q,m_2x2_systolic_mac.m_mac_result_streamout_2x2.stream_q\[20\], main_clock
m_2x2_systolic_mac.m_mac_result_streamout_2x2.stream_q\[21\]_sg13g2_dfrbpq_1_Q,m_2x2_systolic_mac.m_mac_result_streamout_2x2.stream_q\[21\], main_clock
m_2x2_systolic_mac.m_mac_result_streamout_2x2.stream_q\[22\]_sg13g2_dfrbpq_1_Q,m_2x2_systolic_mac.m_mac_result_streamout_2x2.stream_q\[22\], main_clock
m_2x2_systolic_mac.m_mac_result_streamout_2x2.stream_q\[23\]_sg13g2_dfrbpq_1_Q,m_2x2_systolic_mac.m_mac_result_streamout_2x2.stream_q\[23\], main_clock
m_2x2_systolic_mac.m_mac_result_streamout_2x2.stream_q\[24\]_sg13g2_dfrbpq_1_Q,m_2x2_systolic_mac.m_mac_result_streamout_2x2.stream_q\[24\], main_clock
m_2x2_systolic_mac.m_mac_result_streamout_2x2.stream_q\[25\]_sg13g2_dfrbpq_1_Q,m_2x2_systolic_mac.m_mac_result_streamout_2x2.stream_q\[25\], main_clock
m_2x2_systolic_mac.m_mac_result_streamout_2x2.stream_q\[26\]_sg13g2_dfrbpq_1_Q,m_2x2_systolic_mac.m_mac_result_streamout_2x2.stream_q\[26\], main_clock
m_2x2_systolic_mac.m_mac_result_streamout_2x2.stream_q\[27\]_sg13g2_dfrbpq_1_Q,m_2x2_systolic_mac.m_mac_result_streamout_2x2.stream_q\[27\], main_clock
m_2x2_systolic_mac.m_mac_result_streamout_2x2.stream_q\[28\]_sg13g2_dfrbpq_1_Q,m_2x2_systolic_mac.m_mac_result_streamout_2x2.stream_q\[28\], main_clock
m_2x2_systolic_mac.m_mac_result_streamout_2x2.stream_q\[29\]_sg13g2_dfrbpq_1_Q,m_2x2_systolic_mac.m_mac_result_streamout_2x2.stream_q\[29\], main_clock
m_2x2_systolic_mac.m_mac_result_streamout_2x2.stream_q\[2\]_sg13g2_dfrbpq_1_Q,m_2x2_systolic_mac.m_mac_result_streamout_2x2.stream_q\[2\], main_clock
m_2x2_systolic_mac.m_mac_result_streamout_2x2.stream_q\[30\]_sg13g2_dfrbpq_1_Q,m_2x2_systolic_mac.m_mac_result_streamout_2x2.stream_q\[30\], main_clock
m_2x2_systolic_mac.m_mac_result_streamout_2x2.stream_q\[31\]_sg13g2_dfrbpq_1_Q,m_2x2_systolic_mac.m_mac_result_streamout_2x2.stream_q\[31\], main_clock
m_2x2_systolic_mac.m_mac_result_streamout_2x2.stream_q\[32\]_sg13g2_dfrbpq_1_Q,m_2x2_systolic_mac.m_mac_result_streamout_2x2.stream_q\[32\], main_clock
m_2x2_systolic_mac.m_mac_result_streamout_2x2.stream_q\[33\]_sg13g2_dfrbpq_1_Q,m_2x2_systolic_mac.m_mac_result_streamout_2x2.stream_q\[33\], main_clock
m_2x2_systolic_mac.m_mac_result_streamout_2x2.stream_q\[34\]_sg13g2_dfrbpq_1_Q,m_2x2_systolic_mac.m_mac_result_streamout_2x2.stream_q\[34\], main_clock
m_2x2_systolic_mac.m_mac_result_streamout_2x2.stream_q\[35\]_sg13g2_dfrbpq_1_Q,m_2x2_systolic_mac.m_mac_result_streamout_2x2.stream_q\[35\], main_clock
m_2x2_systolic_mac.m_mac_result_streamout_2x2.stream_q\[36\]_sg13g2_dfrbpq_1_Q,m_2x2_systolic_mac.m_mac_result_streamout_2x2.stream_q\[36\], main_clock
m_2x2_systolic_mac.m_mac_result_streamout_2x2.stream_q\[37\]_sg13g2_dfrbpq_1_Q,m_2x2_systolic_mac.m_mac_result_streamout_2x2.stream_q\[37\], main_clock
m_2x2_systolic_mac.m_mac_result_streamout_2x2.stream_q\[38\]_sg13g2_dfrbpq_1_Q,m_2x2_systolic_mac.m_mac_result_streamout_2x2.stream_q\[38\], main_clock
m_2x2_systolic_mac.m_mac_result_streamout_2x2.stream_q\[39\]_sg13g2_dfrbpq_1_Q,m_2x2_systolic_mac.m_mac_result_streamout_2x2.stream_q\[39\], main_clock
m_2x2_systolic_mac.m_mac_result_streamout_2x2.stream_q\[3\]_sg13g2_dfrbpq_1_Q,m_2x2_systolic_mac.m_mac_result_streamout_2x2.stream_q\[3\], main_clock
m_2x2_systolic_mac.m_mac_result_streamout_2x2.stream_q\[40\]_sg13g2_dfrbpq_1_Q,m_2x2_systolic_mac.m_mac_result_streamout_2x2.stream_q\[40\], main_clock
m_2x2_systolic_mac.m_mac_result_streamout_2x2.stream_q\[41\]_sg13g2_dfrbpq_1_Q,m_2x2_systolic_mac.m_mac_result_streamout_2x2.stream_q\[41\], main_clock
m_2x2_systolic_mac.m_mac_result_streamout_2x2.stream_q\[42\]_sg13g2_dfrbpq_1_Q,m_2x2_systolic_mac.m_mac_result_streamout_2x2.stream_q\[42\], main_clock
m_2x2_systolic_mac.m_mac_result_streamout_2x2.stream_q\[43\]_sg13g2_dfrbpq_1_Q,m_2x2_systolic_mac.m_mac_result_streamout_2x2.stream_q\[43\], main_clock
m_2x2_systolic_mac.m_mac_result_streamout_2x2.stream_q\[44\]_sg13g2_dfrbpq_1_Q,m_2x2_systolic_mac.m_mac_result_streamout_2x2.stream_q\[44\], main_clock
m_2x2_systolic_mac.m_mac_result_streamout_2x2.stream_q\[45\]_sg13g2_dfrbpq_1_Q,m_2x2_systolic_mac.m_mac_result_streamout_2x2.stream_q\[45\], main_clock
m_2x2_systolic_mac.m_mac_result_streamout_2x2.stream_q\[46\]_sg13g2_dfrbpq_1_Q,m_2x2_systolic_mac.m_mac_result_streamout_2x2.stream_q\[46\], main_clock
m_2x2_systolic_mac.m_mac_result_streamout_2x2.stream_q\[47\]_sg13g2_dfrbpq_1_Q,m_2x2_systolic_mac.m_mac_result_streamout_2x2.stream_q\[47\], main_clock
m_2x2_systolic_mac.m_mac_result_streamout_2x2.stream_q\[48\]_sg13g2_dfrbpq_1_Q,m_2x2_systolic_mac.m_mac_result_streamout_2x2.stream_q\[48\], main_clock
m_2x2_systolic_mac.m_mac_result_streamout_2x2.stream_q\[49\]_sg13g2_dfrbpq_1_Q,m_2x2_systolic_mac.m_mac_result_streamout_2x2.stream_q\[49\], main_clock
m_2x2_systolic_mac.m_mac_result_streamout_2x2.stream_q\[4\]_sg13g2_dfrbpq_1_Q,m_2x2_systolic_mac.m_mac_result_streamout_2x2.stream_q\[4\], main_clock
m_2x2_systolic_mac.m_mac_result_streamout_2x2.stream_q\[50\]_sg13g2_dfrbpq_1_Q,m_2x2_systolic_mac.m_mac_result_streamout_2x2.stream_q\[50\], main_clock
m_2x2_systolic_mac.m_mac_result_streamout_2x2.stream_q\[51\]_sg13g2_dfrbpq_1_Q,m_2x2_systolic_mac.m_mac_result_streamout_2x2.stream_q\[51\], main_clock
m_2x2_systolic_mac.m_mac_result_streamout_2x2.stream_q\[52\]_sg13g2_dfrbpq_1_Q,m_2x2_systolic_mac.m_mac_result_streamout_2x2.stream_q\[52\], main_clock
m_2x2_systolic_mac.m_mac_result_streamout_2x2.stream_q\[53\]_sg13g2_dfrbpq_1_Q,m_2x2_systolic_mac.m_mac_result_streamout_2x2.stream_q\[53\], main_clock
m_2x2_systolic_mac.m_mac_result_streamout_2x2.stream_q\[54\]_sg13g2_dfrbpq_1_Q,m_2x2_systolic_mac.m_mac_result_streamout_2x2.stream_q\[54\], main_clock
m_2x2_systolic_mac.m_mac_result_streamout_2x2.stream_q\[55\]_sg13g2_dfrbpq_1_Q,m_2x2_systolic_mac.m_mac_result_streamout_2x2.stream_q\[55\], main_clock
m_2x2_systolic_mac.m_mac_result_streamout_2x2.stream_q\[56\]_sg13g2_dfrbpq_1_Q,m_2x2_systolic_mac.m_mac_result_streamout_2x2.stream_q\[56\], main_clock
m_2x2_systolic_mac.m_mac_result_streamout_2x2.stream_q\[57\]_sg13g2_dfrbpq_1_Q,m_2x2_systolic_mac.m_mac_result_streamout_2x2.stream_q\[57\], main_clock
m_2x2_systolic_mac.m_mac_result_streamout_2x2.stream_q\[58\]_sg13g2_dfrbpq_1_Q,m_2x2_systolic_mac.m_mac_result_streamout_2x2.stream_q\[58\], main_clock
m_2x2_systolic_mac.m_mac_result_streamout_2x2.stream_q\[59\]_sg13g2_dfrbpq_1_Q,m_2x2_systolic_mac.m_mac_result_streamout_2x2.stream_q\[59\], main_clock
m_2x2_systolic_mac.m_mac_result_streamout_2x2.stream_q\[5\]_sg13g2_dfrbpq_1_Q,m_2x2_systolic_mac.m_mac_result_streamout_2x2.stream_q\[5\], main_clock
m_2x2_systolic_mac.m_mac_result_streamout_2x2.stream_q\[60\]_sg13g2_dfrbpq_1_Q,m_2x2_systolic_mac.m_mac_result_streamout_2x2.stream_q\[60\], main_clock
m_2x2_systolic_mac.m_mac_result_streamout_2x2.stream_q\[61\]_sg13g2_dfrbpq_1_Q,m_2x2_systolic_mac.m_mac_result_streamout_2x2.stream_q\[61\], main_clock
m_2x2_systolic_mac.m_mac_result_streamout_2x2.stream_q\[62\]_sg13g2_dfrbpq_1_Q,m_2x2_systolic_mac.m_mac_result_streamout_2x2.stream_q\[62\], main_clock
m_2x2_systolic_mac.m_mac_result_streamout_2x2.stream_q\[63\]_sg13g2_dfrbpq_1_Q,m_2x2_systolic_mac.m_mac_result_streamout_2x2.stream_q\[63\], main_clock
m_2x2_systolic_mac.m_mac_result_streamout_2x2.stream_q\[6\]_sg13g2_dfrbpq_1_Q,m_2x2_systolic_mac.m_mac_result_streamout_2x2.stream_q\[6\], main_clock
m_2x2_systolic_mac.m_mac_result_streamout_2x2.stream_q\[7\]_sg13g2_dfrbpq_1_Q,m_2x2_systolic_mac.m_mac_result_streamout_2x2.stream_q\[7\], main_clock
m_2x2_systolic_mac.m_mac_result_streamout_2x2.stream_q\[8\]_sg13g2_dfrbpq_1_Q,m_2x2_systolic_mac.m_mac_result_streamout_2x2.stream_q\[8\], main_clock
m_2x2_systolic_mac.m_mac_result_streamout_2x2.stream_q\[9\]_sg13g2_dfrbpq_1_Q,m_2x2_systolic_mac.m_mac_result_streamout_2x2.stream_q\[9\], main_clock
m_bsc_result_v_out.data_i\[0\]_sg13g2_dfrbpq_1_Q,m_bsc_result_v_out.data_i\[0\], main_clock
